Time,"Tm","pressure","Points:0","Points:1","Points:2"
3.3194e-07,300,1e+05,0,0,0
3.3194e-07,300,1e+05,5e-07,0,0
3.3194e-07,300,1e+05,1e-06,0,0
3.3194e-07,300,1e+05,1.5e-06,0,0
3.3194e-07,300,1e+05,2e-06,0,0
3.3194e-07,300,1e+05,2.5e-06,0,0
3.3194e-07,300,1e+05,3e-06,0,0
3.3194e-07,300,1e+05,3.5e-06,0,0
3.3194e-07,300,1e+05,4e-06,0,0
3.3194e-07,300,1e+05,4.5e-06,0,0
3.3194e-07,300,1e+05,5e-06,0,0
3.3194e-07,300,1e+05,5.5e-06,0,0
3.3194e-07,300,1e+05,6e-06,0,0
3.3194e-07,300,1e+05,6.5e-06,0,0
3.3194e-07,300,1e+05,7e-06,0,0
3.3194e-07,300,1e+05,7.5e-06,0,0
3.3194e-07,300,1e+05,8e-06,0,0
3.3194e-07,300,1e+05,8.5e-06,0,0
3.3194e-07,300,1e+05,9e-06,0,0
3.3194e-07,300,1e+05,9.5e-06,0,0
3.3194e-07,300,1e+05,1e-05,0,0
3.3194e-07,300,1e+05,1.05e-05,0,0
3.3194e-07,300,1e+05,1.1e-05,0,0
3.3194e-07,300,1e+05,1.15e-05,0,0
3.3194e-07,300,1e+05,1.2e-05,0,0
3.3194e-07,300,1e+05,1.25e-05,0,0
3.3194e-07,300,1e+05,1.3e-05,0,0
3.3194e-07,300,1e+05,1.35e-05,0,0
3.3194e-07,300,1e+05,1.4e-05,0,0
3.3194e-07,300,1e+05,1.45e-05,0,0
3.3194e-07,300,1e+05,1.5e-05,0,0
3.3194e-07,300,1e+05,1.55e-05,0,0
3.3194e-07,300,1e+05,1.6e-05,0,0
3.3194e-07,300,1e+05,1.65e-05,0,0
3.3194e-07,300,1e+05,1.7e-05,0,0
3.3194e-07,300,1e+05,1.75e-05,0,0
3.3194e-07,300,1e+05,1.8e-05,0,0
3.3194e-07,300,1e+05,1.85e-05,0,0
3.3194e-07,300,1e+05,1.9e-05,0,0
3.3194e-07,300,1e+05,1.95e-05,0,0
3.3194e-07,300,1e+05,2e-05,0,0
3.3194e-07,300,1e+05,2.05e-05,0,0
3.3194e-07,300,1e+05,2.1e-05,0,0
3.3194e-07,300,1e+05,2.15e-05,0,0
3.3194e-07,300,1e+05,2.2e-05,0,0
3.3194e-07,300,1e+05,2.25e-05,0,0
3.3194e-07,300,1e+05,2.3e-05,0,0
3.3194e-07,300,1e+05,2.35e-05,0,0
3.3194e-07,300,1e+05,2.4e-05,0,0
3.3194e-07,300,1e+05,2.45e-05,0,0
3.3194e-07,300,1e+05,2.5e-05,0,0
3.3194e-07,300,1e+05,2.55e-05,0,0
3.3194e-07,300,1e+05,2.6e-05,0,0
3.3194e-07,300,1e+05,2.65e-05,0,0
3.3194e-07,300,1e+05,2.7e-05,0,0
3.3194e-07,300,1e+05,2.75e-05,0,0
3.3194e-07,300,1e+05,2.8e-05,0,0
3.3194e-07,300,1e+05,2.85e-05,0,0
3.3194e-07,300,1e+05,2.9e-05,0,0
3.3194e-07,300,1e+05,2.95e-05,0,0
3.3194e-07,300,1e+05,3e-05,0,0
3.3194e-07,300,1e+05,3.05e-05,0,0
3.3194e-07,300,1e+05,3.1e-05,0,0
3.3194e-07,300,1e+05,3.15e-05,0,0
3.3194e-07,300,1e+05,3.2e-05,0,0
3.3194e-07,300,1e+05,3.25e-05,0,0
3.3194e-07,300,1e+05,3.3e-05,0,0
3.3194e-07,300,1e+05,3.35e-05,0,0
3.3194e-07,300,1e+05,3.4e-05,0,0
3.3194e-07,300,1e+05,3.45e-05,0,0
3.3194e-07,300,1e+05,3.5e-05,0,0
3.3194e-07,300,1e+05,3.55e-05,0,0
3.3194e-07,300,1e+05,3.6e-05,0,0
3.3194e-07,300,1e+05,3.65e-05,0,0
3.3194e-07,300,1e+05,3.7e-05,0,0
3.3194e-07,300,1e+05,3.75e-05,0,0
3.3194e-07,300,1e+05,3.8e-05,0,0
3.3194e-07,300,1e+05,3.85e-05,0,0
3.3194e-07,300,1e+05,3.9e-05,0,0
3.3194e-07,300,1e+05,3.95e-05,0,0
3.3194e-07,300,1e+05,4e-05,0,0
3.3194e-07,300,1e+05,4.05e-05,0,0
3.3194e-07,300,1e+05,4.1e-05,0,0
3.3194e-07,300,1e+05,4.15e-05,0,0
3.3194e-07,300,1e+05,4.2e-05,0,0
3.3194e-07,300,1e+05,4.25e-05,0,0
3.3194e-07,300,1e+05,4.3e-05,0,0
3.3194e-07,300,1e+05,4.35e-05,0,0
3.3194e-07,300,1e+05,4.4e-05,0,0
3.3194e-07,300,1e+05,4.45e-05,0,0
3.3194e-07,300,1e+05,4.5e-05,0,0
3.3194e-07,300,1e+05,4.55e-05,0,0
3.3194e-07,300,1e+05,4.6e-05,0,0
3.3194e-07,300,1e+05,4.65e-05,0,0
3.3194e-07,300,1e+05,4.7e-05,0,0
3.3194e-07,300,1e+05,4.75e-05,0,0
3.3194e-07,300,1e+05,4.8e-05,0,0
3.3194e-07,300,1e+05,4.85e-05,0,0
3.3194e-07,300,1e+05,4.9e-05,0,0
3.3194e-07,300,1e+05,4.95e-05,0,0
3.3194e-07,300,1e+05,5e-05,0,0
3.3194e-07,300,1e+05,5.05e-05,0,0
3.3194e-07,300,1e+05,5.1e-05,0,0
3.3194e-07,300,1e+05,5.15e-05,0,0
3.3194e-07,300,1e+05,5.2e-05,0,0
3.3194e-07,300,1e+05,5.25e-05,0,0
3.3194e-07,300,1e+05,5.3e-05,0,0
3.3194e-07,300,1e+05,5.35e-05,0,0
3.3194e-07,300,1e+05,5.4e-05,0,0
3.3194e-07,300,1e+05,5.45e-05,0,0
3.3194e-07,300,1e+05,5.5e-05,0,0
3.3194e-07,300,1e+05,5.55e-05,0,0
3.3194e-07,300,1e+05,5.6e-05,0,0
3.3194e-07,300,1e+05,5.65e-05,0,0
3.3194e-07,300,1e+05,5.7e-05,0,0
3.3194e-07,300,1e+05,5.75e-05,0,0
3.3194e-07,300,1e+05,5.8e-05,0,0
3.3194e-07,300,1e+05,5.85e-05,0,0
3.3194e-07,300,1e+05,5.9e-05,0,0
3.3194e-07,300,1e+05,5.95e-05,0,0
3.3194e-07,300,1e+05,6e-05,0,0
3.3194e-07,300,1e+05,6.05e-05,0,0
3.3194e-07,300,1e+05,6.1e-05,0,0
3.3194e-07,300,1e+05,6.15e-05,0,0
3.3194e-07,300,1e+05,6.2e-05,0,0
3.3194e-07,300,1e+05,6.25e-05,0,0
3.3194e-07,300,1e+05,6.3e-05,0,0
3.3194e-07,300,1e+05,6.35e-05,0,0
3.3194e-07,300,1e+05,6.4e-05,0,0
3.3194e-07,300,1e+05,6.45e-05,0,0
3.3194e-07,300,1e+05,6.5e-05,0,0
3.3194e-07,300,1e+05,6.55e-05,0,0
3.3194e-07,300,1e+05,6.6e-05,0,0
3.3194e-07,300,1e+05,6.65e-05,0,0
3.3194e-07,300,1e+05,6.7e-05,0,0
3.3194e-07,300,1e+05,6.75e-05,0,0
3.3194e-07,300,1e+05,6.8e-05,0,0
3.3194e-07,300,1e+05,6.85e-05,0,0
3.3194e-07,300,1e+05,6.9e-05,0,0
3.3194e-07,300,1e+05,6.95e-05,0,0
3.3194e-07,300,1e+05,7e-05,0,0
3.3194e-07,300,1e+05,7.05e-05,0,0
3.3194e-07,300,1e+05,7.1e-05,0,0
3.3194e-07,300,1e+05,7.15e-05,0,0
3.3194e-07,300,1e+05,7.2e-05,0,0
3.3194e-07,300,1e+05,7.25e-05,0,0
3.3194e-07,300,1e+05,7.3e-05,0,0
3.3194e-07,300,1e+05,7.35e-05,0,0
3.3194e-07,300,1e+05,7.4e-05,0,0
3.3194e-07,300,1e+05,7.45e-05,0,0
3.3194e-07,300,1e+05,7.5e-05,0,0
3.3194e-07,300,1e+05,7.55e-05,0,0
3.3194e-07,300,1e+05,7.6e-05,0,0
3.3194e-07,300,1e+05,7.65e-05,0,0
3.3194e-07,300,1e+05,7.7e-05,0,0
3.3194e-07,300,1e+05,7.75e-05,0,0
3.3194e-07,300,1e+05,7.8e-05,0,0
3.3194e-07,300,1e+05,7.85e-05,0,0
3.3194e-07,300,1e+05,7.9e-05,0,0
3.3194e-07,300,1e+05,7.95e-05,0,0
3.3194e-07,300,1e+05,8e-05,0,0
3.3194e-07,300,1e+05,8.05e-05,0,0
3.3194e-07,300,1e+05,8.1e-05,0,0
3.3194e-07,300,1e+05,8.15e-05,0,0
3.3194e-07,300,1e+05,8.2e-05,0,0
3.3194e-07,300,1e+05,8.25e-05,0,0
3.3194e-07,300,1e+05,8.3e-05,0,0
3.3194e-07,300,1e+05,8.35e-05,0,0
3.3194e-07,300,1e+05,8.4e-05,0,0
3.3194e-07,300,1e+05,8.45e-05,0,0
3.3194e-07,300,1e+05,8.5e-05,0,0
3.3194e-07,300,1e+05,8.55e-05,0,0
3.3194e-07,300,1e+05,8.6e-05,0,0
3.3194e-07,300,1e+05,8.65e-05,0,0
3.3194e-07,300,1e+05,8.7e-05,0,0
3.3194e-07,300,1e+05,8.75e-05,0,0
3.3194e-07,300,1e+05,8.8e-05,0,0
3.3194e-07,300,1e+05,8.85e-05,0,0
3.3194e-07,300,1e+05,8.9e-05,0,0
3.3194e-07,300,1e+05,8.95e-05,0,0
3.3194e-07,300,1e+05,9e-05,0,0
3.3194e-07,300,1e+05,9.05e-05,0,0
3.3194e-07,300,1e+05,9.1e-05,0,0
3.3194e-07,300,1e+05,9.15e-05,0,0
3.3194e-07,300,1e+05,9.2e-05,0,0
3.3194e-07,300,1e+05,9.25e-05,0,0
3.3194e-07,300,1e+05,9.3e-05,0,0
3.3194e-07,300,1e+05,9.35e-05,0,0
3.3194e-07,300,1e+05,9.4e-05,0,0
3.3194e-07,300,1e+05,9.45e-05,0,0
3.3194e-07,300,1e+05,9.5e-05,0,0
3.3194e-07,300,1e+05,9.55e-05,0,0
3.3194e-07,300,1e+05,9.6e-05,0,0
3.3194e-07,300,1e+05,9.65e-05,0,0
3.3194e-07,300,1e+05,9.7e-05,0,0
3.3194e-07,300,1e+05,9.75e-05,0,0
3.3194e-07,300,1e+05,9.8e-05,0,0
3.3194e-07,300,1e+05,9.85e-05,0,0
3.3194e-07,300,1e+05,9.9e-05,0,0
3.3194e-07,300,1e+05,9.95e-05,0,0
3.3194e-07,300,1e+05,0.0001,0,0
3.3194e-07,300,1e+05,0.0001005,0,0
3.3194e-07,300,1e+05,0.000101,0,0
3.3194e-07,300,1e+05,0.0001015,0,0
3.3194e-07,300,1e+05,0.000102,0,0
3.3194e-07,300,1e+05,0.0001025,0,0
3.3194e-07,300,1e+05,0.000103,0,0
3.3194e-07,300,1e+05,0.0001035,0,0
3.3194e-07,300,1e+05,0.000104,0,0
3.3194e-07,300,1e+05,0.0001045,0,0
3.3194e-07,300,1e+05,0.000105,0,0
3.3194e-07,300,1e+05,0.0001055,0,0
3.3194e-07,300,1e+05,0.000106,0,0
3.3194e-07,300,1e+05,0.0001065,0,0
3.3194e-07,300,1e+05,0.000107,0,0
3.3194e-07,300,1e+05,0.0001075,0,0
3.3194e-07,300,1e+05,0.000108,0,0
3.3194e-07,300,1e+05,0.0001085,0,0
3.3194e-07,300,1e+05,0.000109,0,0
3.3194e-07,300,1e+05,0.0001095,0,0
3.3194e-07,300,1e+05,0.00011,0,0
3.3194e-07,300,1e+05,0.0001105,0,0
3.3194e-07,300,1e+05,0.000111,0,0
3.3194e-07,300,1e+05,0.0001115,0,0
3.3194e-07,300,1e+05,0.000112,0,0
3.3194e-07,300,1e+05,0.0001125,0,0
3.3194e-07,300,1e+05,0.000113,0,0
3.3194e-07,300,1e+05,0.0001135,0,0
3.3194e-07,300,1e+05,0.000114,0,0
3.3194e-07,300,1e+05,0.0001145,0,0
3.3194e-07,300,1e+05,0.000115,0,0
3.3194e-07,300,1e+05,0.0001155,0,0
3.3194e-07,300,1e+05,0.000116,0,0
3.3194e-07,300,1e+05,0.0001165,0,0
3.3194e-07,300,1e+05,0.000117,0,0
3.3194e-07,300,1e+05,0.0001175,0,0
3.3194e-07,300,1e+05,0.000118,0,0
3.3194e-07,300,1e+05,0.0001185,0,0
3.3194e-07,300,1e+05,0.000119,0,0
3.3194e-07,300,1e+05,0.0001195,0,0
3.3194e-07,300,1e+05,0.00012,0,0
3.3194e-07,300,1e+05,0.0001205,0,0
3.3194e-07,300,1e+05,0.000121,0,0
3.3194e-07,300,1e+05,0.0001215,0,0
3.3194e-07,300,1e+05,0.000122,0,0
3.3194e-07,300,1e+05,0.0001225,0,0
3.3194e-07,300,1e+05,0.000123,0,0
3.3194e-07,300,1e+05,0.0001235,0,0
3.3194e-07,300,1e+05,0.000124,0,0
3.3194e-07,300,1e+05,0.0001245,0,0
3.3194e-07,300,1e+05,0.000125,0,0
3.3194e-07,300,1e+05,0.0001255,0,0
3.3194e-07,300,1e+05,0.000126,0,0
3.3194e-07,300,1e+05,0.0001265,0,0
3.3194e-07,300,1e+05,0.000127,0,0
3.3194e-07,300,1e+05,0.0001275,0,0
3.3194e-07,300,1e+05,0.000128,0,0
3.3194e-07,300,1e+05,0.0001285,0,0
3.3194e-07,300,1e+05,0.000129,0,0
3.3194e-07,300,1e+05,0.0001295,0,0
3.3194e-07,300,1e+05,0.00013,0,0
3.3194e-07,300,1e+05,0.0001305,0,0
3.3194e-07,300,1e+05,0.000131,0,0
3.3194e-07,300,1e+05,0.0001315,0,0
3.3194e-07,300,1e+05,0.000132,0,0
3.3194e-07,300,1e+05,0.0001325,0,0
3.3194e-07,300,1e+05,0.000133,0,0
3.3194e-07,300,1e+05,0.0001335,0,0
3.3194e-07,300,1e+05,0.000134,0,0
3.3194e-07,300,1e+05,0.0001345,0,0
3.3194e-07,300,1e+05,0.000135,0,0
3.3194e-07,300,1e+05,0.0001355,0,0
3.3194e-07,300,1e+05,0.000136,0,0
3.3194e-07,300,1e+05,0.0001365,0,0
3.3194e-07,300,1e+05,0.000137,0,0
3.3194e-07,300,1e+05,0.0001375,0,0
3.3194e-07,300,1e+05,0.000138,0,0
3.3194e-07,300,1e+05,0.0001385,0,0
3.3194e-07,300,1e+05,0.000139,0,0
3.3194e-07,300,1e+05,0.0001395,0,0
3.3194e-07,300,1e+05,0.00014,0,0
3.3194e-07,300,1e+05,0.0001405,0,0
3.3194e-07,300,1e+05,0.000141,0,0
3.3194e-07,300,1e+05,0.0001415,0,0
3.3194e-07,300,1e+05,0.000142,0,0
3.3194e-07,300,1e+05,0.0001425,0,0
3.3194e-07,300,1e+05,0.000143,0,0
3.3194e-07,300,1e+05,0.0001435,0,0
3.3194e-07,300,1e+05,0.000144,0,0
3.3194e-07,300,1e+05,0.0001445,0,0
3.3194e-07,300,1e+05,0.000145,0,0
3.3194e-07,300,1e+05,0.0001455,0,0
3.3194e-07,300,1e+05,0.000146,0,0
3.3194e-07,300,1e+05,0.0001465,0,0
3.3194e-07,300,1e+05,0.000147,0,0
3.3194e-07,300,1e+05,0.0001475,0,0
3.3194e-07,300,1e+05,0.000148,0,0
3.3194e-07,300,1e+05,0.0001485,0,0
3.3194e-07,300,1e+05,0.000149,0,0
3.3194e-07,300,1e+05,0.0001495,0,0
3.3194e-07,300,1e+05,0.00015,0,0
3.3194e-07,300,1e+05,0.0001505,0,0
3.3194e-07,300,1e+05,0.000151,0,0
3.3194e-07,300,1e+05,0.0001515,0,0
3.3194e-07,300,1e+05,0.000152,0,0
3.3194e-07,300,1e+05,0.0001525,0,0
3.3194e-07,300,1e+05,0.000153,0,0
3.3194e-07,300,1e+05,0.0001535,0,0
3.3194e-07,300,1e+05,0.000154,0,0
3.3194e-07,300,1e+05,0.0001545,0,0
3.3194e-07,300,1e+05,0.000155,0,0
3.3194e-07,300,1e+05,0.0001555,0,0
3.3194e-07,300,1e+05,0.000156,0,0
3.3194e-07,300,1e+05,0.0001565,0,0
3.3194e-07,300,1e+05,0.000157,0,0
3.3194e-07,300,1e+05,0.0001575,0,0
3.3194e-07,300,1e+05,0.000158,0,0
3.3194e-07,300,1e+05,0.0001585,0,0
3.3194e-07,300,1e+05,0.000159,0,0
3.3194e-07,300,1e+05,0.0001595,0,0
3.3194e-07,300,1e+05,0.00016,0,0
3.3194e-07,300,1e+05,0.0001605,0,0
3.3194e-07,300,1e+05,0.000161,0,0
3.3194e-07,300,1e+05,0.0001615,0,0
3.3194e-07,300,1e+05,0.000162,0,0
3.3194e-07,300,1e+05,0.0001625,0,0
3.3194e-07,300,1e+05,0.000163,0,0
3.3194e-07,300,1e+05,0.0001635,0,0
3.3194e-07,300,1e+05,0.000164,0,0
3.3194e-07,300,1e+05,0.0001645,0,0
3.3194e-07,300,1e+05,0.000165,0,0
3.3194e-07,300,1e+05,0.0001655,0,0
3.3194e-07,300,1e+05,0.000166,0,0
3.3194e-07,300,1e+05,0.0001665,0,0
3.3194e-07,300,1e+05,0.000167,0,0
3.3194e-07,300,1e+05,0.0001675,0,0
3.3194e-07,300,1e+05,0.000168,0,0
3.3194e-07,300,1e+05,0.0001685,0,0
3.3194e-07,300,1e+05,0.000169,0,0
3.3194e-07,300,1e+05,0.0001695,0,0
3.3194e-07,300,1e+05,0.00017,0,0
3.3194e-07,300,1e+05,0.0001705,0,0
3.3194e-07,300,1e+05,0.000171,0,0
3.3194e-07,300,1e+05,0.0001715,0,0
3.3194e-07,300,1e+05,0.000172,0,0
3.3194e-07,300,1e+05,0.0001725,0,0
3.3194e-07,300,1e+05,0.000173,0,0
3.3194e-07,300,1e+05,0.0001735,0,0
3.3194e-07,300,1e+05,0.000174,0,0
3.3194e-07,300,1e+05,0.0001745,0,0
3.3194e-07,300,1e+05,0.000175,0,0
3.3194e-07,300,1e+05,0.0001755,0,0
3.3194e-07,300,1e+05,0.000176,0,0
3.3194e-07,300,1e+05,0.0001765,0,0
3.3194e-07,300,1e+05,0.000177,0,0
3.3194e-07,300,1e+05,0.0001775,0,0
3.3194e-07,300,1e+05,0.000178,0,0
3.3194e-07,300,1e+05,0.0001785,0,0
3.3194e-07,300,1e+05,0.000179,0,0
3.3194e-07,300,1e+05,0.0001795,0,0
3.3194e-07,300,1e+05,0.00018,0,0
3.3194e-07,300,1e+05,0.0001805,0,0
3.3194e-07,300,1e+05,0.000181,0,0
3.3194e-07,300,1e+05,0.0001815,0,0
3.3194e-07,300,1e+05,0.000182,0,0
3.3194e-07,300,1e+05,0.0001825,0,0
3.3194e-07,300,1e+05,0.000183,0,0
3.3194e-07,300,1e+05,0.0001835,0,0
3.3194e-07,300,1e+05,0.000184,0,0
3.3194e-07,300,1e+05,0.0001845,0,0
3.3194e-07,300,1e+05,0.000185,0,0
3.3194e-07,300,1e+05,0.0001855,0,0
3.3194e-07,300,1e+05,0.000186,0,0
3.3194e-07,300,1e+05,0.0001865,0,0
3.3194e-07,300,1e+05,0.000187,0,0
3.3194e-07,300,1e+05,0.0001875,0,0
3.3194e-07,300,1e+05,0.000188,0,0
3.3194e-07,300,1e+05,0.0001885,0,0
3.3194e-07,300,1e+05,0.000189,0,0
3.3194e-07,300,1e+05,0.0001895,0,0
3.3194e-07,300,1e+05,0.00019,0,0
3.3194e-07,300,1e+05,0.0001905,0,0
3.3194e-07,300,1e+05,0.000191,0,0
3.3194e-07,300,1e+05,0.0001915,0,0
3.3194e-07,300,1e+05,0.000192,0,0
3.3194e-07,300,1e+05,0.0001925,0,0
3.3194e-07,300,1e+05,0.000193,0,0
3.3194e-07,300,1e+05,0.0001935,0,0
3.3194e-07,300,1e+05,0.000194,0,0
3.3194e-07,300,1e+05,0.0001945,0,0
3.3194e-07,300,1e+05,0.000195,0,0
3.3194e-07,300,1e+05,0.0001955,0,0
3.3194e-07,300,1e+05,0.000196,0,0
3.3194e-07,300,1e+05,0.0001965,0,0
3.3194e-07,300,1e+05,0.000197,0,0
3.3194e-07,300,1e+05,0.0001975,0,0
3.3194e-07,300,1e+05,0.000198,0,0
3.3194e-07,300,1e+05,0.0001985,0,0
3.3194e-07,300,1e+05,0.000199,0,0
3.3194e-07,300,1e+05,0.0001995,0,0
3.3194e-07,300,1e+05,0.0002,0,0
3.3194e-07,300,1e+05,0.0002005,0,0
3.3194e-07,300,1e+05,0.000201,0,0
3.3194e-07,300,1e+05,0.0002015,0,0
3.3194e-07,300,1e+05,0.000202,0,0
3.3194e-07,300,1e+05,0.0002025,0,0
3.3194e-07,300,1e+05,0.000203,0,0
3.3194e-07,300,1e+05,0.0002035,0,0
3.3194e-07,300,1e+05,0.000204,0,0
3.3194e-07,300,1e+05,0.0002045,0,0
3.3194e-07,300,1e+05,0.000205,0,0
3.3194e-07,300,1e+05,0.0002055,0,0
3.3194e-07,300,1e+05,0.000206,0,0
3.3194e-07,300,1e+05,0.0002065,0,0
3.3194e-07,300,1e+05,0.000207,0,0
3.3194e-07,300,1e+05,0.0002075,0,0
3.3194e-07,300,1e+05,0.000208,0,0
3.3194e-07,300,1e+05,0.0002085,0,0
3.3194e-07,300,1e+05,0.000209,0,0
3.3194e-07,300,1e+05,0.0002095,0,0
3.3194e-07,300,1e+05,0.00021,0,0
3.3194e-07,300,1e+05,0.0002105,0,0
3.3194e-07,300,1e+05,0.000211,0,0
3.3194e-07,300,1e+05,0.0002115,0,0
3.3194e-07,300,1e+05,0.000212,0,0
3.3194e-07,300,1e+05,0.0002125,0,0
3.3194e-07,300,1e+05,0.000213,0,0
3.3194e-07,300,1e+05,0.0002135,0,0
3.3194e-07,300,1e+05,0.000214,0,0
3.3194e-07,300,1e+05,0.0002145,0,0
3.3194e-07,300,1e+05,0.000215,0,0
3.3194e-07,300,1e+05,0.0002155,0,0
3.3194e-07,300,1e+05,0.000216,0,0
3.3194e-07,300,1e+05,0.0002165,0,0
3.3194e-07,300,1e+05,0.000217,0,0
3.3194e-07,300,1e+05,0.0002175,0,0
3.3194e-07,300,1e+05,0.000218,0,0
3.3194e-07,300,1e+05,0.0002185,0,0
3.3194e-07,300,1e+05,0.000219,0,0
3.3194e-07,300,1e+05,0.0002195,0,0
3.3194e-07,300,1e+05,0.00022,0,0
3.3194e-07,300,1e+05,0.0002205,0,0
3.3194e-07,300,1e+05,0.000221,0,0
3.3194e-07,300,1e+05,0.0002215,0,0
3.3194e-07,300,1e+05,0.000222,0,0
3.3194e-07,300,1e+05,0.0002225,0,0
3.3194e-07,300,1e+05,0.000223,0,0
3.3194e-07,300,1e+05,0.0002235,0,0
3.3194e-07,300,1e+05,0.000224,0,0
3.3194e-07,300,1e+05,0.0002245,0,0
3.3194e-07,300,1e+05,0.000225,0,0
3.3194e-07,300,1e+05,0.0002255,0,0
3.3194e-07,300,1e+05,0.000226,0,0
3.3194e-07,300,1e+05,0.0002265,0,0
3.3194e-07,300,1e+05,0.000227,0,0
3.3194e-07,300,1e+05,0.0002275,0,0
3.3194e-07,300,1e+05,0.000228,0,0
3.3194e-07,300,1e+05,0.0002285,0,0
3.3194e-07,300,1e+05,0.000229,0,0
3.3194e-07,300,1e+05,0.0002295,0,0
3.3194e-07,300,1e+05,0.00023,0,0
3.3194e-07,300,1e+05,0.0002305,0,0
3.3194e-07,300,1e+05,0.000231,0,0
3.3194e-07,300,1e+05,0.0002315,0,0
3.3194e-07,300,1e+05,0.000232,0,0
3.3194e-07,300,1e+05,0.0002325,0,0
3.3194e-07,300,1e+05,0.000233,0,0
3.3194e-07,300,1e+05,0.0002335,0,0
3.3194e-07,300,1e+05,0.000234,0,0
3.3194e-07,300,1e+05,0.0002345,0,0
3.3194e-07,300,1e+05,0.000235,0,0
3.3194e-07,300,1e+05,0.0002355,0,0
3.3194e-07,300,1e+05,0.000236,0,0
3.3194e-07,300,1e+05,0.0002365,0,0
3.3194e-07,300,1e+05,0.000237,0,0
3.3194e-07,300,1e+05,0.0002375,0,0
3.3194e-07,300,1e+05,0.000238,0,0
3.3194e-07,300,1e+05,0.0002385,0,0
3.3194e-07,300,1e+05,0.000239,0,0
3.3194e-07,300,1e+05,0.0002395,0,0
3.3194e-07,300,1e+05,0.00024,0,0
3.3194e-07,300,1e+05,0.0002405,0,0
3.3194e-07,300,1e+05,0.000241,0,0
3.3194e-07,300,1e+05,0.0002415,0,0
3.3194e-07,300,1e+05,0.000242,0,0
3.3194e-07,300,1e+05,0.0002425,0,0
3.3194e-07,300,1e+05,0.000243,0,0
3.3194e-07,300,1e+05,0.0002435,0,0
3.3194e-07,300,1e+05,0.000244,0,0
3.3194e-07,300,1e+05,0.0002445,0,0
3.3194e-07,300,1e+05,0.000245,0,0
3.3194e-07,300,1e+05,0.0002455,0,0
3.3194e-07,300,1e+05,0.000246,0,0
3.3194e-07,300,1e+05,0.0002465,0,0
3.3194e-07,300,1e+05,0.000247,0,0
3.3194e-07,300,1e+05,0.0002475,0,0
3.3194e-07,300,1e+05,0.000248,0,0
3.3194e-07,300,1e+05,0.0002485,0,0
3.3194e-07,300,1e+05,0.000249,0,0
3.3194e-07,300,1e+05,0.0002495,0,0
3.3194e-07,300,1e+05,0.00025,0,0
3.3194e-07,300,1e+05,0.0002505,0,0
3.3194e-07,300,1e+05,0.000251,0,0
3.3194e-07,300,1e+05,0.0002515,0,0
3.3194e-07,300,1e+05,0.000252,0,0
3.3194e-07,300,1e+05,0.0002525,0,0
3.3194e-07,300,1e+05,0.000253,0,0
3.3194e-07,300,1e+05,0.0002535,0,0
3.3194e-07,300,1e+05,0.000254,0,0
3.3194e-07,300,1e+05,0.0002545,0,0
3.3194e-07,300,1e+05,0.000255,0,0
3.3194e-07,300,1e+05,0.0002555,0,0
3.3194e-07,300,1e+05,0.000256,0,0
3.3194e-07,300,1e+05,0.0002565,0,0
3.3194e-07,300,1e+05,0.000257,0,0
3.3194e-07,300,1e+05,0.0002575,0,0
3.3194e-07,300,1e+05,0.000258,0,0
3.3194e-07,300,1e+05,0.0002585,0,0
3.3194e-07,300,1e+05,0.000259,0,0
3.3194e-07,300,1e+05,0.0002595,0,0
3.3194e-07,300,1e+05,0.00026,0,0
3.3194e-07,300,1e+05,0.0002605,0,0
3.3194e-07,300,1e+05,0.000261,0,0
3.3194e-07,300,1e+05,0.0002615,0,0
3.3194e-07,300,1e+05,0.000262,0,0
3.3194e-07,300,1e+05,0.0002625,0,0
3.3194e-07,300,1e+05,0.000263,0,0
3.3194e-07,300,1e+05,0.0002635,0,0
3.3194e-07,300,1e+05,0.000264,0,0
3.3194e-07,300,1e+05,0.0002645,0,0
3.3194e-07,300,1e+05,0.000265,0,0
3.3194e-07,300,1e+05,0.0002655,0,0
3.3194e-07,300,1e+05,0.000266,0,0
3.3194e-07,300,1e+05,0.0002665,0,0
3.3194e-07,300,1e+05,0.000267,0,0
3.3194e-07,300,1e+05,0.0002675,0,0
3.3194e-07,300,1e+05,0.000268,0,0
3.3194e-07,300,1e+05,0.0002685,0,0
3.3194e-07,300,1e+05,0.000269,0,0
3.3194e-07,300,1e+05,0.0002695,0,0
3.3194e-07,300,1e+05,0.00027,0,0
3.3194e-07,300,1e+05,0.0002705,0,0
3.3194e-07,300,1e+05,0.000271,0,0
3.3194e-07,300,1e+05,0.0002715,0,0
3.3194e-07,300,1e+05,0.000272,0,0
3.3194e-07,300,1e+05,0.0002725,0,0
3.3194e-07,300,1e+05,0.000273,0,0
3.3194e-07,300,1e+05,0.0002735,0,0
3.3194e-07,300,1e+05,0.000274,0,0
3.3194e-07,300,1e+05,0.0002745,0,0
3.3194e-07,300,1e+05,0.000275,0,0
3.3194e-07,300,1e+05,0.0002755,0,0
3.3194e-07,300,1e+05,0.000276,0,0
3.3194e-07,300,1e+05,0.0002765,0,0
3.3194e-07,300,1e+05,0.000277,0,0
3.3194e-07,300,1e+05,0.0002775,0,0
3.3194e-07,300,1e+05,0.000278,0,0
3.3194e-07,300,1e+05,0.0002785,0,0
3.3194e-07,300,1e+05,0.000279,0,0
3.3194e-07,300,1e+05,0.0002795,0,0
3.3194e-07,300,1e+05,0.00028,0,0
3.3194e-07,300,1e+05,0.0002805,0,0
3.3194e-07,300,1e+05,0.000281,0,0
3.3194e-07,300,1e+05,0.0002815,0,0
3.3194e-07,300,1e+05,0.000282,0,0
3.3194e-07,300,1e+05,0.0002825,0,0
3.3194e-07,300,1e+05,0.000283,0,0
3.3194e-07,300,1e+05,0.0002835,0,0
3.3194e-07,300,1e+05,0.000284,0,0
3.3194e-07,300,1e+05,0.0002845,0,0
3.3194e-07,300,1e+05,0.000285,0,0
3.3194e-07,300,1e+05,0.0002855,0,0
3.3194e-07,300,1e+05,0.000286,0,0
3.3194e-07,300,1e+05,0.0002865,0,0
3.3194e-07,300,1e+05,0.000287,0,0
3.3194e-07,300,1e+05,0.0002875,0,0
3.3194e-07,300,1e+05,0.000288,0,0
3.3194e-07,300,1e+05,0.0002885,0,0
3.3194e-07,300,1e+05,0.000289,0,0
3.3194e-07,300,1e+05,0.0002895,0,0
3.3194e-07,300,1e+05,0.00029,0,0
3.3194e-07,300,1e+05,0.0002905,0,0
3.3194e-07,300,1e+05,0.000291,0,0
3.3194e-07,300,1e+05,0.0002915,0,0
3.3194e-07,300,1e+05,0.000292,0,0
3.3194e-07,300,1e+05,0.0002925,0,0
3.3194e-07,300,1e+05,0.000293,0,0
3.3194e-07,300,1e+05,0.0002935,0,0
3.3194e-07,300,1e+05,0.000294,0,0
3.3194e-07,300,1e+05,0.0002945,0,0
3.3194e-07,300,1e+05,0.000295,0,0
3.3194e-07,300,1e+05,0.0002955,0,0
3.3194e-07,300,1e+05,0.000296,0,0
3.3194e-07,300,1e+05,0.0002965,0,0
3.3194e-07,300,1e+05,0.000297,0,0
3.3194e-07,300,1e+05,0.0002975,0,0
3.3194e-07,300,1e+05,0.000298,0,0
3.3194e-07,300,1e+05,0.0002985,0,0
3.3194e-07,300,1e+05,0.000299,0,0
3.3194e-07,300,1e+05,0.0002995,0,0
3.3194e-07,300,1e+05,0.0003,0,0
3.3194e-07,300,1e+05,0.0003005,0,0
3.3194e-07,300,1e+05,0.000301,0,0
3.3194e-07,300,1e+05,0.0003015,0,0
3.3194e-07,300,1e+05,0.000302,0,0
3.3194e-07,300,1e+05,0.0003025,0,0
3.3194e-07,300,1e+05,0.000303,0,0
3.3194e-07,300,1e+05,0.0003035,0,0
3.3194e-07,300,1e+05,0.000304,0,0
3.3194e-07,300,1e+05,0.0003045,0,0
3.3194e-07,300,1e+05,0.000305,0,0
3.3194e-07,300,1e+05,0.0003055,0,0
3.3194e-07,300,1e+05,0.000306,0,0
3.3194e-07,300,1e+05,0.0003065,0,0
3.3194e-07,300,1e+05,0.000307,0,0
3.3194e-07,300,1e+05,0.0003075,0,0
3.3194e-07,300,1e+05,0.000308,0,0
3.3194e-07,300,1e+05,0.0003085,0,0
3.3194e-07,300,1e+05,0.000309,0,0
3.3194e-07,300,1e+05,0.0003095,0,0
3.3194e-07,300,1e+05,0.00031,0,0
3.3194e-07,300,1e+05,0.0003105,0,0
3.3194e-07,300,1e+05,0.000311,0,0
3.3194e-07,300,1e+05,0.0003115,0,0
3.3194e-07,300,1e+05,0.000312,0,0
3.3194e-07,300,1e+05,0.0003125,0,0
3.3194e-07,300,1e+05,0.000313,0,0
3.3194e-07,300,1e+05,0.0003135,0,0
3.3194e-07,300,1e+05,0.000314,0,0
3.3194e-07,300,1e+05,0.0003145,0,0
3.3194e-07,300,1e+05,0.000315,0,0
3.3194e-07,300,1e+05,0.0003155,0,0
3.3194e-07,300,1e+05,0.000316,0,0
3.3194e-07,300,1e+05,0.0003165,0,0
3.3194e-07,300,1e+05,0.000317,0,0
3.3194e-07,300,1e+05,0.0003175,0,0
3.3194e-07,300,1e+05,0.000318,0,0
3.3194e-07,300,1e+05,0.0003185,0,0
3.3194e-07,300,1e+05,0.000319,0,0
3.3194e-07,300,1e+05,0.0003195,0,0
3.3194e-07,300,1e+05,0.00032,0,0
3.3194e-07,300,1e+05,0.0003205,0,0
3.3194e-07,300,1e+05,0.000321,0,0
3.3194e-07,300,1e+05,0.0003215,0,0
3.3194e-07,300,1e+05,0.000322,0,0
3.3194e-07,300,1e+05,0.0003225,0,0
3.3194e-07,300,1e+05,0.000323,0,0
3.3194e-07,300,1e+05,0.0003235,0,0
3.3194e-07,300,1e+05,0.000324,0,0
3.3194e-07,300,1e+05,0.0003245,0,0
3.3194e-07,300,1e+05,0.000325,0,0
3.3194e-07,300,1e+05,0.0003255,0,0
3.3194e-07,300,1e+05,0.000326,0,0
3.3194e-07,300,1e+05,0.0003265,0,0
3.3194e-07,300,1e+05,0.000327,0,0
3.3194e-07,300,1e+05,0.0003275,0,0
3.3194e-07,300,1e+05,0.000328,0,0
3.3194e-07,300,1e+05,0.0003285,0,0
3.3194e-07,300,1e+05,0.000329,0,0
3.3194e-07,300,1e+05,0.0003295,0,0
3.3194e-07,300,1e+05,0.00033,0,0
3.3194e-07,300,1e+05,0.0003305,0,0
3.3194e-07,300,1e+05,0.000331,0,0
3.3194e-07,300,1e+05,0.0003315,0,0
3.3194e-07,300,1e+05,0.000332,0,0
3.3194e-07,300,1e+05,0.0003325,0,0
3.3194e-07,300,1e+05,0.000333,0,0
3.3194e-07,300,1e+05,0.0003335,0,0
3.3194e-07,300,1e+05,0.000334,0,0
3.3194e-07,300,1e+05,0.0003345,0,0
3.3194e-07,300,1e+05,0.000335,0,0
3.3194e-07,300,1e+05,0.0003355,0,0
3.3194e-07,300,1e+05,0.000336,0,0
3.3194e-07,300,1e+05,0.0003365,0,0
3.3194e-07,300,1e+05,0.000337,0,0
3.3194e-07,300,1e+05,0.0003375,0,0
3.3194e-07,300,1e+05,0.000338,0,0
3.3194e-07,300,1e+05,0.0003385,0,0
3.3194e-07,300,1e+05,0.000339,0,0
3.3194e-07,300,1e+05,0.0003395,0,0
3.3194e-07,300,1e+05,0.00034,0,0
3.3194e-07,300,1e+05,0.0003405,0,0
3.3194e-07,300,1e+05,0.000341,0,0
3.3194e-07,300,1e+05,0.0003415,0,0
3.3194e-07,300,1e+05,0.000342,0,0
3.3194e-07,300,1e+05,0.0003425,0,0
3.3194e-07,300,1e+05,0.000343,0,0
3.3194e-07,300,1e+05,0.0003435,0,0
3.3194e-07,300,1e+05,0.000344,0,0
3.3194e-07,300,1e+05,0.0003445,0,0
3.3194e-07,300,1e+05,0.000345,0,0
3.3194e-07,300,1e+05,0.0003455,0,0
3.3194e-07,300,1e+05,0.000346,0,0
3.3194e-07,300,1e+05,0.0003465,0,0
3.3194e-07,300,1e+05,0.000347,0,0
3.3194e-07,300,1e+05,0.0003475,0,0
3.3194e-07,300,1e+05,0.000348,0,0
3.3194e-07,300,1e+05,0.0003485,0,0
3.3194e-07,300,1e+05,0.000349,0,0
3.3194e-07,300,1e+05,0.0003495,0,0
3.3194e-07,300,1e+05,0.00035,0,0
3.3194e-07,300,1e+05,0.0003505,0,0
3.3194e-07,300,1e+05,0.000351,0,0
3.3194e-07,300,1e+05,0.0003515,0,0
3.3194e-07,300,1e+05,0.000352,0,0
3.3194e-07,300,1e+05,0.0003525,0,0
3.3194e-07,300,1e+05,0.000353,0,0
3.3194e-07,300,1e+05,0.0003535,0,0
3.3194e-07,300,1e+05,0.000354,0,0
3.3194e-07,300,1e+05,0.0003545,0,0
3.3194e-07,300,1e+05,0.000355,0,0
3.3194e-07,300,1e+05,0.0003555,0,0
3.3194e-07,300,1e+05,0.000356,0,0
3.3194e-07,300,1e+05,0.0003565,0,0
3.3194e-07,300,1e+05,0.000357,0,0
3.3194e-07,300,1e+05,0.0003575,0,0
3.3194e-07,300,1e+05,0.000358,0,0
3.3194e-07,300,1e+05,0.0003585,0,0
3.3194e-07,300,1e+05,0.000359,0,0
3.3194e-07,300,1e+05,0.0003595,0,0
3.3194e-07,300,1e+05,0.00036,0,0
3.3194e-07,300,1e+05,0.0003605,0,0
3.3194e-07,300,1e+05,0.000361,0,0
3.3194e-07,300,1e+05,0.0003615,0,0
3.3194e-07,300,1e+05,0.000362,0,0
3.3194e-07,300,1e+05,0.0003625,0,0
3.3194e-07,300,1e+05,0.000363,0,0
3.3194e-07,300,1e+05,0.0003635,0,0
3.3194e-07,300,1e+05,0.000364,0,0
3.3194e-07,300,1e+05,0.0003645,0,0
3.3194e-07,300,1e+05,0.000365,0,0
3.3194e-07,300,1e+05,0.0003655,0,0
3.3194e-07,300,1e+05,0.000366,0,0
3.3194e-07,300,1e+05,0.0003665,0,0
3.3194e-07,300,1e+05,0.000367,0,0
3.3194e-07,300,1e+05,0.0003675,0,0
3.3194e-07,300,1e+05,0.000368,0,0
3.3194e-07,300,1e+05,0.0003685,0,0
3.3194e-07,300,1e+05,0.000369,0,0
3.3194e-07,300,1e+05,0.0003695,0,0
3.3194e-07,300,1e+05,0.00037,0,0
3.3194e-07,300,1e+05,0.0003705,0,0
3.3194e-07,300,1e+05,0.000371,0,0
3.3194e-07,300,1e+05,0.0003715,0,0
3.3194e-07,300,1e+05,0.000372,0,0
3.3194e-07,300,1e+05,0.0003725,0,0
3.3194e-07,300,1e+05,0.000373,0,0
3.3194e-07,300,1e+05,0.0003735,0,0
3.3194e-07,300,1e+05,0.000374,0,0
3.3194e-07,300,1e+05,0.0003745,0,0
3.3194e-07,300,1e+05,0.000375,0,0
3.3194e-07,300,1e+05,0.0003755,0,0
3.3194e-07,300,1e+05,0.000376,0,0
3.3194e-07,300,1e+05,0.0003765,0,0
3.3194e-07,300,1e+05,0.000377,0,0
3.3194e-07,300,1e+05,0.0003775,0,0
3.3194e-07,300,1e+05,0.000378,0,0
3.3194e-07,300,1e+05,0.0003785,0,0
3.3194e-07,300,1e+05,0.000379,0,0
3.3194e-07,300,1e+05,0.0003795,0,0
3.3194e-07,300,1e+05,0.00038,0,0
3.3194e-07,300,1e+05,0.0003805,0,0
3.3194e-07,300,1e+05,0.000381,0,0
3.3194e-07,300,1e+05,0.0003815,0,0
3.3194e-07,300,1e+05,0.000382,0,0
3.3194e-07,300,1e+05,0.0003825,0,0
3.3194e-07,300,1e+05,0.000383,0,0
3.3194e-07,300,1e+05,0.0003835,0,0
3.3194e-07,300,1e+05,0.000384,0,0
3.3194e-07,300,1e+05,0.0003845,0,0
3.3194e-07,300,1e+05,0.000385,0,0
3.3194e-07,300,1e+05,0.0003855,0,0
3.3194e-07,300,1e+05,0.000386,0,0
3.3194e-07,300,1e+05,0.0003865,0,0
3.3194e-07,300,1e+05,0.000387,0,0
3.3194e-07,300,1e+05,0.0003875,0,0
3.3194e-07,300,1e+05,0.000388,0,0
3.3194e-07,300,1e+05,0.0003885,0,0
3.3194e-07,300,1e+05,0.000389,0,0
3.3194e-07,300,1e+05,0.0003895,0,0
3.3194e-07,300,1e+05,0.00039,0,0
3.3194e-07,300,1e+05,0.0003905,0,0
3.3194e-07,300,1e+05,0.000391,0,0
3.3194e-07,300,1e+05,0.0003915,0,0
3.3194e-07,300,1e+05,0.000392,0,0
3.3194e-07,300,1e+05,0.0003925,0,0
3.3194e-07,300,1e+05,0.000393,0,0
3.3194e-07,300,1e+05,0.0003935,0,0
3.3194e-07,300,1e+05,0.000394,0,0
3.3194e-07,300,1e+05,0.0003945,0,0
3.3194e-07,300,1e+05,0.000395,0,0
3.3194e-07,300,1e+05,0.0003955,0,0
3.3194e-07,300,1e+05,0.000396,0,0
3.3194e-07,300,1e+05,0.0003965,0,0
3.3194e-07,300,1e+05,0.000397,0,0
3.3194e-07,300,1e+05,0.0003975,0,0
3.3194e-07,300,1e+05,0.000398,0,0
3.3194e-07,300,1e+05,0.0003985,0,0
3.3194e-07,300,1e+05,0.000399,0,0
3.3194e-07,300,1e+05,0.0003995,0,0
3.3194e-07,300,1e+05,0.0004,0,0
3.3194e-07,300,1e+05,0.0004005,0,0
3.3194e-07,300,1e+05,0.000401,0,0
3.3194e-07,300,1e+05,0.0004015,0,0
3.3194e-07,300,1e+05,0.000402,0,0
3.3194e-07,300,1e+05,0.0004025,0,0
3.3194e-07,300,1e+05,0.000403,0,0
3.3194e-07,300,1e+05,0.0004035,0,0
3.3194e-07,300,1e+05,0.000404,0,0
3.3194e-07,300,1e+05,0.0004045,0,0
3.3194e-07,300,1e+05,0.000405,0,0
3.3194e-07,300,1e+05,0.0004055,0,0
3.3194e-07,300,1e+05,0.000406,0,0
3.3194e-07,300,1e+05,0.0004065,0,0
3.3194e-07,300,1e+05,0.000407,0,0
3.3194e-07,300,1e+05,0.0004075,0,0
3.3194e-07,300,1e+05,0.000408,0,0
3.3194e-07,300,1e+05,0.0004085,0,0
3.3194e-07,300,1e+05,0.000409,0,0
3.3194e-07,300,1e+05,0.0004095,0,0
3.3194e-07,300,1e+05,0.00041,0,0
3.3194e-07,300,1e+05,0.0004105,0,0
3.3194e-07,300,1e+05,0.000411,0,0
3.3194e-07,300,1e+05,0.0004115,0,0
3.3194e-07,300,1e+05,0.000412,0,0
3.3194e-07,300,1e+05,0.0004125,0,0
3.3194e-07,300,1e+05,0.000413,0,0
3.3194e-07,300,1e+05,0.0004135,0,0
3.3194e-07,300,1e+05,0.000414,0,0
3.3194e-07,300,1e+05,0.0004145,0,0
3.3194e-07,300,1e+05,0.000415,0,0
3.3194e-07,300,1e+05,0.0004155,0,0
3.3194e-07,300,1e+05,0.000416,0,0
3.3194e-07,300,1e+05,0.0004165,0,0
3.3194e-07,300,1e+05,0.000417,0,0
3.3194e-07,300,1e+05,0.0004175,0,0
3.3194e-07,300,1e+05,0.000418,0,0
3.3194e-07,300,1e+05,0.0004185,0,0
3.3194e-07,300,1e+05,0.000419,0,0
3.3194e-07,300,1e+05,0.0004195,0,0
3.3194e-07,300,1e+05,0.00042,0,0
3.3194e-07,300,1e+05,0.0004205,0,0
3.3194e-07,300,1e+05,0.000421,0,0
3.3194e-07,300,1e+05,0.0004215,0,0
3.3194e-07,300,1e+05,0.000422,0,0
3.3194e-07,300,1e+05,0.0004225,0,0
3.3194e-07,300,1e+05,0.000423,0,0
3.3194e-07,300,1e+05,0.0004235,0,0
3.3194e-07,300,1e+05,0.000424,0,0
3.3194e-07,300,1e+05,0.0004245,0,0
3.3194e-07,300,1e+05,0.000425,0,0
3.3194e-07,300,1e+05,0.0004255,0,0
3.3194e-07,300,1e+05,0.000426,0,0
3.3194e-07,300,1e+05,0.0004265,0,0
3.3194e-07,300,1e+05,0.000427,0,0
3.3194e-07,300,1e+05,0.0004275,0,0
3.3194e-07,300,1e+05,0.000428,0,0
3.3194e-07,300,1e+05,0.0004285,0,0
3.3194e-07,300,1e+05,0.000429,0,0
3.3194e-07,300,1e+05,0.0004295,0,0
3.3194e-07,300,1e+05,0.00043,0,0
3.3194e-07,300,1e+05,0.0004305,0,0
3.3194e-07,300,1e+05,0.000431,0,0
3.3194e-07,300,1e+05,0.0004315,0,0
3.3194e-07,300,1e+05,0.000432,0,0
3.3194e-07,300,1e+05,0.0004325,0,0
3.3194e-07,300,1e+05,0.000433,0,0
3.3194e-07,300,1e+05,0.0004335,0,0
3.3194e-07,300,1e+05,0.000434,0,0
3.3194e-07,300,1e+05,0.0004345,0,0
3.3194e-07,300,1e+05,0.000435,0,0
3.3194e-07,300,1e+05,0.0004355,0,0
3.3194e-07,300,1e+05,0.000436,0,0
3.3194e-07,300,1e+05,0.0004365,0,0
3.3194e-07,300,1e+05,0.000437,0,0
3.3194e-07,300,1e+05,0.0004375,0,0
3.3194e-07,300,1e+05,0.000438,0,0
3.3194e-07,300,1e+05,0.0004385,0,0
3.3194e-07,300,1e+05,0.000439,0,0
3.3194e-07,300,1e+05,0.0004395,0,0
3.3194e-07,300,1e+05,0.00044,0,0
3.3194e-07,300,1e+05,0.0004405,0,0
3.3194e-07,300,1e+05,0.000441,0,0
3.3194e-07,300,1e+05,0.0004415,0,0
3.3194e-07,300,1e+05,0.000442,0,0
3.3194e-07,300,1e+05,0.0004425,0,0
3.3194e-07,300,1e+05,0.000443,0,0
3.3194e-07,300,1e+05,0.0004435,0,0
3.3194e-07,300,1e+05,0.000444,0,0
3.3194e-07,300,1e+05,0.0004445,0,0
3.3194e-07,300,1e+05,0.000445,0,0
3.3194e-07,300,1e+05,0.0004455,0,0
3.3194e-07,300,1e+05,0.000446,0,0
3.3194e-07,300,1e+05,0.0004465,0,0
3.3194e-07,300,1e+05,0.000447,0,0
3.3194e-07,300,1e+05,0.0004475,0,0
3.3194e-07,300,1e+05,0.000448,0,0
3.3194e-07,300,1e+05,0.0004485,0,0
3.3194e-07,300,1e+05,0.000449,0,0
3.3194e-07,300,1e+05,0.0004495,0,0
3.3194e-07,300,1e+05,0.00045,0,0
3.3194e-07,300,1e+05,0.0004505,0,0
3.3194e-07,300,1e+05,0.000451,0,0
3.3194e-07,300,1e+05,0.0004515,0,0
3.3194e-07,300,1e+05,0.000452,0,0
3.3194e-07,300,1e+05,0.0004525,0,0
3.3194e-07,300,1e+05,0.000453,0,0
3.3194e-07,300,1e+05,0.0004535,0,0
3.3194e-07,300,1e+05,0.000454,0,0
3.3194e-07,300,1e+05,0.0004545,0,0
3.3194e-07,300,1e+05,0.000455,0,0
3.3194e-07,300,1e+05,0.0004555,0,0
3.3194e-07,300,1e+05,0.000456,0,0
3.3194e-07,300,1e+05,0.0004565,0,0
3.3194e-07,300,1e+05,0.000457,0,0
3.3194e-07,300,1e+05,0.0004575,0,0
3.3194e-07,300,1e+05,0.000458,0,0
3.3194e-07,300,1e+05,0.0004585,0,0
3.3194e-07,300,1e+05,0.000459,0,0
3.3194e-07,300,1e+05,0.0004595,0,0
3.3194e-07,300,1e+05,0.00046,0,0
3.3194e-07,300,1e+05,0.0004605,0,0
3.3194e-07,300,1e+05,0.000461,0,0
3.3194e-07,300,1e+05,0.0004615,0,0
3.3194e-07,300,1e+05,0.000462,0,0
3.3194e-07,300,1e+05,0.0004625,0,0
3.3194e-07,300,1e+05,0.000463,0,0
3.3194e-07,300,1e+05,0.0004635,0,0
3.3194e-07,300,1e+05,0.000464,0,0
3.3194e-07,300,1e+05,0.0004645,0,0
3.3194e-07,300,1e+05,0.000465,0,0
3.3194e-07,300,1e+05,0.0004655,0,0
3.3194e-07,300,1e+05,0.000466,0,0
3.3194e-07,300,1e+05,0.0004665,0,0
3.3194e-07,300,1e+05,0.000467,0,0
3.3194e-07,300,1e+05,0.0004675,0,0
3.3194e-07,300,1e+05,0.000468,0,0
3.3194e-07,300,1e+05,0.0004685,0,0
3.3194e-07,300,1e+05,0.000469,0,0
3.3194e-07,300,1e+05,0.0004695,0,0
3.3194e-07,300,1e+05,0.00047,0,0
3.3194e-07,300,1e+05,0.0004705,0,0
3.3194e-07,300,1e+05,0.000471,0,0
3.3194e-07,300,1e+05,0.0004715,0,0
3.3194e-07,300,1e+05,0.000472,0,0
3.3194e-07,300,1e+05,0.0004725,0,0
3.3194e-07,300,1e+05,0.000473,0,0
3.3194e-07,300,1e+05,0.0004735,0,0
3.3194e-07,300,1e+05,0.000474,0,0
3.3194e-07,300,1e+05,0.0004745,0,0
3.3194e-07,300,1e+05,0.000475,0,0
3.3194e-07,300,1e+05,0.0004755,0,0
3.3194e-07,300,1e+05,0.000476,0,0
3.3194e-07,300,1e+05,0.0004765,0,0
3.3194e-07,300,1e+05,0.000477,0,0
3.3194e-07,300,1e+05,0.0004775,0,0
3.3194e-07,300,1e+05,0.000478,0,0
3.3194e-07,300,1e+05,0.0004785,0,0
3.3194e-07,300,1e+05,0.000479,0,0
3.3194e-07,300,1e+05,0.0004795,0,0
3.3194e-07,300,1e+05,0.00048,0,0
3.3194e-07,300,1e+05,0.0004805,0,0
3.3194e-07,300,1e+05,0.000481,0,0
3.3194e-07,300,1e+05,0.0004815,0,0
3.3194e-07,300,1e+05,0.000482,0,0
3.3194e-07,300,1e+05,0.0004825,0,0
3.3194e-07,300,1e+05,0.000483,0,0
3.3194e-07,300,1e+05,0.0004835,0,0
3.3194e-07,300,1e+05,0.000484,0,0
3.3194e-07,300,1e+05,0.0004845,0,0
3.3194e-07,300,1e+05,0.000485,0,0
3.3194e-07,300,1e+05,0.0004855,0,0
3.3194e-07,300,1e+05,0.000486,0,0
3.3194e-07,300,1e+05,0.0004865,0,0
3.3194e-07,300,1e+05,0.000487,0,0
3.3194e-07,300,1e+05,0.0004875,0,0
3.3194e-07,300,1e+05,0.000488,0,0
3.3194e-07,300,1e+05,0.0004885,0,0
3.3194e-07,300,1e+05,0.000489,0,0
3.3194e-07,300,1e+05,0.0004895,0,0
3.3194e-07,300,1e+05,0.00049,0,0
3.3194e-07,300,1e+05,0.0004905,0,0
3.3194e-07,300,1e+05,0.000491,0,0
3.3194e-07,300,1e+05,0.0004915,0,0
3.3194e-07,300,1e+05,0.000492,0,0
3.3194e-07,300,1e+05,0.0004925,0,0
3.3194e-07,300,1e+05,0.000493,0,0
3.3194e-07,300,1e+05,0.0004935,0,0
3.3194e-07,300,1e+05,0.000494,0,0
3.3194e-07,300,1e+05,0.0004945,0,0
3.3194e-07,300,1e+05,0.000495,0,0
3.3194e-07,300,1e+05,0.0004955,0,0
3.3194e-07,300,1e+05,0.000496,0,0
3.3194e-07,300,1e+05,0.0004965,0,0
3.3194e-07,300,1e+05,0.000497,0,0
3.3194e-07,300,1e+05,0.0004975,0,0
3.3194e-07,300,1e+05,0.000498,0,0
3.3194e-07,300,1e+05,0.0004985,0,0
3.3194e-07,300,1e+05,0.000499,0,0
3.3194e-07,300,1e+05,0.0004995,0,0
3.3194e-07,nan,nan,0.0005,0,0
